{
  "lon_min": -72.81968271893871,
  "lon_max": -72.4828144873939,
  "lat_min": -38.77712671194533,
  "lat_max": -38.64148110404328,
  "center_lon": -72.6512486031663,
  "center_lat": -38.709303907994304
}